Tool Name,Best For / Short Description,Category,Base Model,Style Bias,Prompt Structure,Recommended Template,Cost Efficiency,Video Link
Midjourney (V6.1),Artistic and aesthetically high-quality imagery.,Stylized / Art,Proprietary,High Aesthetic,Subject + Style + Aspect Ratio + Mood + Lighting + Composition.,[Subject] + [Medium] + [Environment] + [Lighting] + [Color] + [Mood] + [Composition] --ar [ratio] --stylize [value],,
DALL-E 3,"Following complex, long-form semantic descriptions.",Standard,Proprietary,Concept-Driven,5â€“7 Descriptors focusing on atmospheric adjectives and object placement.,[Subject] + [Conceptual Action] + [Environment] + [Style] + [Mood/Atmosphere Adjectives],,
Stable Diffusion (SDXL/3.5),Technical precision and professional-grade local control.,Standard / SDXL,Stable Diffusion,Technical/Mixed,Subject + Medium + Style + Technical Modifiers. Uses weighting syntax.,"[Subject] + [Details: Medium, Color, Lighting] + [Art Style] + [Technical: Resolution, Camera, Lens] --negative [Negatives]",,
Adobe Firefly (Image 3),"Commercial-safe, high-quality design assets.",Design / Commercial,Proprietary,Clean / Graphic,Subject + Context + Style + Lighting + Composition.,"[Subject] in [Context], [Style], [Lighting], [Compositional focus]",,
Leonardo.ai (Phoenix),Versatile creative suite with fine-tuned models.,Creative Suite,SDXL/Proprietary,Highly Versatile,Subject + Action + Environment + Style + Lighting + Technical.,"[Subject] [Action] in [Environment], [Style], [Lighting], [Camera/Lens]",,
FLUX.1 [pro],State-of-the-art detail and prompt adherence.,Flux,FLUX,Photorealistic,Subject + Scene + Composition + Style + Detail Modifiers.,"[Subject] at [Scene], [Shot Angle], [Style], [Cinematic Color Grading]",,
Google Imagen 3,High-fidelity realism and text rendering.,Photorealistic,Proprietary,Realistic,Subject + Setting + Lighting + Detail + Realism Terms.,"[Subject] in [Setting], [Lighting type], [Detail], [Realism terms]",,
Ideogram 2.0,Superior text integration and graphic design.,Art / Design,Proprietary,Graphic/Text,Subject + Composition + Text Layout + Style.,"[Subject], [Composition], [Text Layout Details], [Graphic/Artistic Style]",,
Grok-2 (Flux-based),"Unfiltered, high-speed creative generation.",Standard,Flux,Raw / Realistic,Subject + Action + Setting + Style + Quality.,"[Subject] [Action] on [Setting], [Style], [Quality]",,
Playground v3,"Community-driven, easy-to-use creative tool.",Standard,SDXL/Proprietary,Mixed,Subject + Style + Lighting + Composition.,"[Subject], [Style], [Lighting], [Composition]",,
Recraft V3,Vector and graphic design specialist.,Design,Proprietary,Vector / Graphic,Subject + Style (Vector/Icon/Illustration) + Palette.,"[Subject], [Style], [Color Palette]",,
Krea AI,Real-time generation and enhancement.,Real-time,Flux/SDXL,Clean,Subject + Action + Style + Lighting.,"[Subject] [Action], [Style], [Lighting]",,
Magnific AI,High-end upscaling and detail hallucination.,Enhancement,Proprietary,Hyper-detailed,Subject + Texture + Lighting + Material + Quality.,"[Subject], [Texture], [Lighting], [Material], [Quality]",,
SeaArt.ai,Asian-market focused with massive model library.,Creative Suite,SDXL/SD1.5,Anime / Stylized,Subject + Action + Style + Lora + Detail.,"[Subject], [Action], [Style], <lora:name:weight>, [Detail]",,
Civitai (Generator),Open-source model hub with direct generation.,Standard,SDXL/SD1.5,Community-Mixed,Subject + Style + Lora + Negative.,"[Subject], [Style], <lora:name:weight> --neg [Negative]",,
Canva Magic Media,Integrated design tool for quick assets.,Design,Proprietary,Simple / Clean,Subject + Style + Aspect Ratio.,"[Subject], [Style] --ar [ratio]",,
Photoroom AI,Product photography and background removal.,Product,Proprietary,Commercial,Subject + Lighting + Background + Shadow.,"[Subject] with [Lighting] on [Background], [Shadow type]",,
Jasper Art,Marketing and copy-integrated imagery.,Marketing,DALL-E/SD,Clean,Subject + Style + Mood + Medium.,"[Subject], [Style], [Mood], [Medium]",,
Shutterstock AI,"Stock-style, commercially licensed imagery.",Stock,Proprietary,Commercial,Subject + Action + Setting + Style.,"[Subject] [Action] in [Setting], [Style]",,
Getty Images AI,"High-end, commercially safe stock imagery.",Stock,NVIDIA Edify,Professional,Subject + Action + Setting + Camera + Lighting.,"[Subject] [Action] in [Setting], [Camera], [Lighting]",,
Microsoft Designer,Consumer-friendly graphic design tool.,Design,DALL-E 3,Graphic,Subject + Action + Style + Layout.,"[Subject] [Action], [Style], [Layout]",,
BlueWillow,Community-based artistic generation.,Art,Proprietary,Stylized,Subject + Style + Lighting + Composition.,"[Subject], [Style], [Lighting], [Composition]",,
NightCafe Creator,Multiple algorithm support and community challenges.,Art,SDXL/DALL-E,Artistic,Subject + Style + Algorithm + Seed.,"[Subject], [Style], [Algorithm]",,
Artbreeder,Collaborative tool for blending and morphing images.,Art,GAN/Diffusion,Abstract/Portrait,Subject + Genes + Style + Blend.,[Subject] with [Gene settings],,
DeepAI,Simple API-first image generation.,Standard,Proprietary,Mixed,Subject + Style.,"[Subject], [Style]",,
StarryAI,Mobile-first artistic generation.,Art,Proprietary,Stylized,Subject + Style + Canvas Size.,"[Subject], [Style]",,
Wombo Dream,"Fast, surrealistic mobile generation.",Art,Proprietary,Surreal,Subject + Style.,"[Subject], [Style]",,
Craiyon,"Free, simple image generation.",Standard,Proprietary,Naive,Subject + Action + Style.,"[Subject] [Action], [Style]",,
Pixlr AI,Photo editing integrated generation.,Design,Proprietary,Clean,Subject + Style + Lighting.,"[Subject], [Style], [Lighting]",,
Fotor AI,All-in-one photo editor and generator.,Design,Proprietary,Commercial,Subject + Style + Aspect Ratio.,"[Subject], [Style]",,
Picsart AI,Social media focused creative tool.,Design,Proprietary,Vibrant,Subject + Style + Filter.,"[Subject], [Style]",,
Vecteezy AI,Vector-style stock generation.,Design,Proprietary,Graphic,Subject + Style + Palette.,"[Subject], [Style]",,
Freepik AI,Designer-focused asset generation.,Design,Proprietary,Professional,Subject + Style + Lighting.,"[Subject], [Style]",,